<application>
  <component name="AdvancedSettings">
    <option name="settings">
      <map>
        <entry key="documentation.auto.show.in.modal.dialogs" value="true" />
        <entry key="documentation.components.enable.highlighting.of.links" value="true" />
        <entry key="editor.normalize.splits" value="true" />
        <entry key="editor.open.inactive.splitter" value="false" />
        <entry key="gradle.download.sources" value="true" />
      </map>
    </option>
  </component>
</application>