<application>
  <component name="CodeInsightSettings">
    <option name="REFORMAT_ON_PASTE" value="1" />
    <option name="INDENT_TO_CARET_ON_PASTE" value="true" />
    <option name="HIGHLIGHT_SCOPE" value="true" />
  </component>
  <component name="CodeVisionSettings">
    <option name="codeVisionGroupToPosition">
      <map>
        <entry key="component.usage" value="Default" />
        <entry key="inheritors" value="Default" />
        <entry key="llm" value="Default" />
        <entry key="references" value="Default" />
        <entry key="vcs.code.vision" value="Default" />
      </map>
    </option>
    <option name="defaultPosition" value="Top" />
  </component>
  <component name="DeclarativeInlayHintsSettings">
    <option name="enabledOptions">
      <map>
        <entry key="js.type.hints#function.returns" value="true" />
        <entry key="js.type.hints#non.paren.single.param" value="true" />
        <entry key="js.type.hints#parameters.in.parens" value="true" />
        <entry key="js.type.hints#variables.and.fields" value="true" />
        <entry key="sql.column.names.inlay.hints#sql.show.column.names.for.asterisk" value="true" />
        <entry key="sql.column.names.inlay.hints#sql.show.column.names.for.set.operations" value="true" />
        <entry key="sql.column.names.inlay.hints#sql.show.column.names.in.insert.values" value="true" />
        <entry key="sql.column.names.inlay.hints#sql.show.column.names.in.select" value="true" />
        <entry key="sql.join.cardinality.hints#full.join" value="true" />
        <entry key="sql.join.cardinality.hints#inner.join" value="true" />
        <entry key="sql.join.cardinality.hints#left.join" value="true" />
        <entry key="sql.join.cardinality.hints#right.join" value="true" />
        <entry key="ts.type.hints#function.returns" value="true" />
        <entry key="ts.type.hints#non.paren.single.param" value="true" />
        <entry key="ts.type.hints#parameters.in.parens" value="true" />
        <entry key="ts.type.hints#variables.and.fields" value="true" />
      </map>
    </option>
    <option name="providerIdToEnabled">
      <map>
        <entry key="cargo.inlay.version.hints" value="true" />
        <entry key="js.chain.hints" value="true" />
        <entry key="js.type.hints" value="true" />
        <entry key="sql.column.names.inlay.hints" value="true" />
        <entry key="sql.join.cardinality.hints" value="true" />
        <entry key="ts.chain.hints" value="true" />
        <entry key="ts.enum.hints" value="true" />
        <entry key="ts.type.hints" value="true" />
      </map>
    </option>
  </component>
  <component name="InlayHintsSettings">
    <option name="lastViewedProviderKeyId" value="TypeScript.parameter.hints.old.js.param.hints.show.names.for.all.args" />
  </component>
  <component name="InlineCompletionOnboarding">
    <option name="onboardingFinished" value="true" />
  </component>
</application>