<application>
  <component name="ProjectManager">
    <defaultProject>
      <component name="PropertiesComponent"><![CDATA[{
  "keyToString": {
    "settings.editor.selected.configurable": "settings.sync"
  }
}]]></component>
      <component name="WindowStateProjectService">
        <state x="496" y="188" key="SettingsEditor" timestamp="1745527742913">
          <screen x="0" y="32" width="2048" height="1248" />
        </state>
        <state x="496" y="188" key="SettingsEditor/0.32.2048.1248" timestamp="1745527742913" />
        <state x="624" y="200" width="800" height="713" key="new project wizard" timestamp="1745527758449">
          <screen x="0" y="32" width="2048" height="1248" />
        </state>
        <state x="624" y="200" width="800" height="713" key="new project wizard/0.32.2048.1248" timestamp="1745527758449" />
      </component>
    </defaultProject>
  </component>
</application>