<application>
  <component name="SettingsSyncSettings">
    <option name="disabledSubcategories">
      <map>
        <entry key="PLUGINS">
          <value>
            <list>
              <option value="com.intellij.notebooks.core" />
              <option value="Subversion" />
              <option value="com.intellij.spring" />
              <option value="intellij.jupyter" />
              <option value="com.android.tools.design" />
              <option value="org.jetbrains.android" />
              <option value="androidx.compose.plugins.idea" />
            </list>
          </value>
        </entry>
      </map>
    </option>
    <option name="migrationFromOldStorageChecked" value="true" />
    <option name="syncEnabled" value="true" />
  </component>
</application>