<application>
  <component name="BlockTerminalUsage">
    <option name="blockTerminalUsedLastTimeMillis" value="1745854506683" />
    <option name="blockTerminalUsedLastVersion" value="251.23774.463" />
  </component>
  <component name="ReworkedTerminalUsage"><![CDATA[{
  "feedbackNotificationShown": true,
  "enterKeyPressedTimes": 616,
  "completionPopupShownTimes": 3,
  "completionItemChosenTimes": 1
}]]></component>
  <component name="TerminalOptionsProvider">
    <option name="myOverrideIdeShortcuts" value="false" />
  </component>
</application>