<application>
  <component name="DimensionService">
    <location key="find.popup.0.0.2048.1280" x="775" y="167" />
    <location key="find.popup.0.0.2560.1440" x="1044" y="167" />
    <location key="find.popup.0.0.4096.2560@192dpi" x="1550" y="334" />
    <size key="find.popup.0.0.2048.1280" width="875" height="864" />
    <size key="GridCell.Tab.0.left.0.0.2048.1280" width="1966" height="369" />
    <size key="GridCell.Tab.0.center.0.0.2048.1280" width="1966" height="369" />
    <size key="GridCell.Tab.0.right.0.0.2048.1280" width="1966" height="369" />
    <size key="GridCell.Tab.0.bottom.0.0.2048.1280" width="1966" height="369" />
    <size key="find.popup.0.0.2560.1440" width="728" height="864" />
    <size key="GridCell.Tab.0.left.0.0.2560.1440" width="2478" height="422" />
    <size key="GridCell.Tab.0.center.0.0.2560.1440" width="2478" height="422" />
    <size key="GridCell.Tab.0.right.0.0.2560.1440" width="2478" height="422" />
    <size key="GridCell.Tab.0.bottom.0.0.2560.1440" width="2478" height="422" />
    <size key="GridCell.Tab.1.left.0.0.2048.1280" width="1869" height="438" />
    <size key="GridCell.Tab.1.center.0.0.2048.1280" width="1869" height="438" />
    <size key="GridCell.Tab.1.right.0.0.2048.1280" width="1869" height="438" />
    <size key="GridCell.Tab.1.bottom.0.0.2048.1280" width="1869" height="438" />
    <size key="GridCell.Tab.0.left.0.0.4096.2560@192dpi" width="3932" height="738" />
    <size key="GridCell.Tab.0.center.0.0.4096.2560@192dpi" width="3932" height="738" />
    <size key="GridCell.Tab.0.right.0.0.4096.2560@192dpi" width="3932" height="738" />
    <size key="GridCell.Tab.0.bottom.0.0.4096.2560@192dpi" width="3932" height="738" />
    <size key="find.popup.0.0.4096.2560@192dpi" width="1300" height="1728" />
  </component>
  <component name="WindowManager">
    <frame x="324" y="156" width="1400" height="1000" />
  </component>
  <component name="WindowStateApplicationService">
    <state x="1024" y="556" width="800" height="650" key="WELCOME_SCREEN" timestamp="1769797251538">
      <screen x="0" y="32" width="2048" height="1248" />
    </state>
    <state x="1024" y="556" width="800" height="650" key="WELCOME_SCREEN/0.32.2048.1248" timestamp="1769797251538" />
  </component>
</application>