<application>
  <component name="DimensionService">
    <location key="find.popup.0.0.2048.1280" x="767" y="298" />
    <size key="find.popup.0.0.2048.1280" width="649" height="864" />
  </component>
  <component name="WindowManager">
    <frame x="324" y="156" width="1400" height="1000" />
  </component>
  <component name="WindowStateApplicationService">
    <state x="740" y="334" width="557" height="651" key="#HTTP_Proxy" timestamp="1734670350383">
      <screen x="0" y="32" width="2048" height="1248" />
    </state>
    <state x="740" y="334" width="557" height="651" key="#HTTP_Proxy/0.32.2048.1248" timestamp="1734670350383" />
    <state x="814" y="219" width="424" height="495" key="FileChooserDialogImpl" timestamp="1734671107364">
      <screen x="0" y="32" width="2048" height="1248" />
    </state>
    <state x="814" y="219" width="424" height="495" key="FileChooserDialogImpl/0.32.2048.1248" timestamp="1734671107364" />
    <state x="1536" y="726" width="1200" height="900" key="WELCOME_SCREEN" timestamp="1734708629747">
      <screen x="0" y="0" width="3072" height="1728" />
    </state>
    <state x="1536" y="726" width="1200" height="900" key="WELCOME_SCREEN/0.0.3072.1728/3072.375.2048.1280" timestamp="1734708629747" />
    <state x="1024" y="556" width="800" height="650" key="WELCOME_SCREEN/0.32.2048.1248" timestamp="1734677239465" />
  </component>
</application>