<application>
  <component name="DimensionService">
    <location key="find.popup.0.0.2048.1280" x="788" y="167" />
    <size key="GridCell.Tab.0.left.0.0.3072.1728" width="2990" height="517" />
    <size key="GridCell.Tab.0.center.0.0.3072.1728" width="2990" height="517" />
    <size key="GridCell.Tab.0.right.0.0.3072.1728" width="2990" height="517" />
    <size key="GridCell.Tab.0.bottom.0.0.3072.1728" width="2990" height="517" />
    <size key="GridCell.Tab.0.left.0.0.2048.1280" width="2990" height="517" />
    <size key="GridCell.Tab.0.center.0.0.2048.1280" width="2990" height="517" />
    <size key="GridCell.Tab.0.right.0.0.2048.1280" width="2990" height="517" />
    <size key="GridCell.Tab.0.bottom.0.0.2048.1280" width="2990" height="517" />
    <size key="find.popup.0.0.2048.1280" width="649" height="864" />
  </component>
  <component name="WindowManager">
    <frame x="1172" y="189" width="1400" height="1000" extendedState="6" />
  </component>
  <component name="WindowStateApplicationService">
    <state x="1633" y="453" width="424" height="495" key="FileChooserDialogImpl" timestamp="1734710852024">
      <screen x="0" y="0" width="3072" height="1728" />
    </state>
    <state x="1633" y="453" width="424" height="495" key="FileChooserDialogImpl/0.0.3072.1728/3072.375.2048.1280" timestamp="1734710852024" />
    <state width="645" height="279" key="ShowUsagesActions.dimensionServiceKey" timestamp="1734711121140">
      <screen x="0" y="0" width="3072" height="1728" />
    </state>
    <state width="645" height="279" key="ShowUsagesActions.dimensionServiceKey/0.0.3072.1728/3072.375.2048.1280" timestamp="1734711121140" />
    <state x="1536" y="726" width="1200" height="900" key="WELCOME_SCREEN" timestamp="1734710842522">
      <screen x="0" y="0" width="3072" height="1728" />
    </state>
    <state x="1536" y="726" width="1200" height="900" key="WELCOME_SCREEN/0.0.3072.1728/3072.375.2048.1280" timestamp="1734710842522" />
    <state x="1024" y="556" width="800" height="650" key="WELCOME_SCREEN/0.32.2048.1248" timestamp="1734670989858" />
  </component>
</application>