<keymap version="1" name="Yogesh" parent="Default for GNOME">
  <action id="$Delete">
    <keyboard-shortcut first-keystroke="delete" />
    <keyboard-shortcut first-keystroke="back_space" />
  </action>
  <action id="AIAssistant.ToolWindow.Chat.Cancel.Selection">
    <keyboard-shortcut first-keystroke="ctrl c" />
  </action>
  <action id="Editor Delete">
    <keyboard-shortcut first-keystroke="back_space" />
  </action>
  <action id="EditorDelete">
    <keyboard-shortcut first-keystroke="delete" />
  </action>
  <action id="EditorDown">
    <keyboard-shortcut first-keystroke="down" />
    <keyboard-shortcut first-keystroke="ctrl n" />
  </action>
  <action id="EditorUp">
    <keyboard-shortcut first-keystroke="up" />
    <keyboard-shortcut first-keystroke="ctrl p" />
  </action>
  <action id="FindInPath">
    <keyboard-shortcut first-keystroke="ctrl alt f" />
  </action>
  <action id="GotoClass" />
  <action id="RecentFiles" />
  <action id="ShowContent">
    <keyboard-shortcut first-keystroke="alt down" />
    <keyboard-shortcut first-keystroke="shift ctrl b" />
  </action>
  <action id="SwitcherIterateItems" />
  <action id="SwitcherRecentEditedChangedToggleCheckBox" />
  <action id="Terminal.ClearBuffer" />
  <action id="Terminal.Find">
    <keyboard-shortcut first-keystroke="shift alt 3" />
    <keyboard-shortcut first-keystroke="shift ctrl f" />
  </action>
  <action id="Terminal.SelectBlockAbove">
    <keyboard-shortcut first-keystroke="up" />
    <keyboard-shortcut first-keystroke="ctrl up" />
    <keyboard-shortcut first-keystroke="ctrl p" />
    <keyboard-shortcut first-keystroke="shift c" second-keystroke="shift m" />
  </action>
  <action id="Terminal.SelectBlockBelow">
    <keyboard-shortcut first-keystroke="down" />
    <keyboard-shortcut first-keystroke="ctrl n" />
    <keyboard-shortcut first-keystroke="c" second-keystroke="m" />
  </action>
  <action id="UpdateRunningApplication" />
  <action id="Vcs.UpdateProject" />
  <action id="android.deploy.ApplyChanges">
    <keyboard-shortcut first-keystroke="ctrl f10" />
  </action>
  <action id="android.deploy.CodeSwap">
    <keyboard-shortcut first-keystroke="ctrl alt f10" />
  </action>
</keymap>