<keymap version="1" name="Yogesh" parent="Default for GNOME">
  <action id="AIAssistant.ToolWindow.Chat.Cancel.Selection">
    <keyboard-shortcut first-keystroke="ctrl c" />
  </action>
  <action id="EditorDown">
    <keyboard-shortcut first-keystroke="down" />
    <keyboard-shortcut first-keystroke="ctrl n" />
  </action>
  <action id="EditorUp">
    <keyboard-shortcut first-keystroke="up" />
    <keyboard-shortcut first-keystroke="ctrl p" />
  </action>
  <action id="Terminal.ClearBuffer" />
  <action id="Terminal.Escape" />
  <action id="Terminal.Find">
    <keyboard-shortcut first-keystroke="shift alt 3" />
    <keyboard-shortcut first-keystroke="shift ctrl f" />
  </action>
  <action id="Terminal.SelectBlockAbove">
    <keyboard-shortcut first-keystroke="up" />
    <keyboard-shortcut first-keystroke="ctrl up" />
    <keyboard-shortcut first-keystroke="ctrl p" />
    <keyboard-shortcut first-keystroke="shift c" second-keystroke="shift m" />
  </action>
  <action id="Terminal.SelectBlockBelow">
    <keyboard-shortcut first-keystroke="down" />
    <keyboard-shortcut first-keystroke="ctrl n" />
    <keyboard-shortcut first-keystroke="c" second-keystroke="m" />
  </action>
</keymap>